observation_date,IRSTCI01CHM156N
2010-01-01,0.05000000000000000
2010-02-01,0.05000000000000000
2010-03-01,0.05000000000000000
2010-04-01,0.05000000000000000
2010-05-01,0.02000000000000000
2010-06-01,0.03000000000000000
2010-07-01,0.05000000000000000
2010-08-01,0.08000000000000000
2010-09-01,0.08000000000000000
2010-10-01,0.05000000000000000
2010-11-01,0.04000000000000000
2010-12-01,0.04000000000000000
2011-01-01,0.04000000000000000
2011-02-01,0.04000000000000000
2011-03-01,0.04000000000000000
2011-04-01,0.04000000000000000
2011-05-01,0.09000000000000000
2011-06-01,0.09000000000000000
2011-07-01,0.05000000000000000
2011-08-01,-0.28999999999999998
2011-09-01,0.02000000000000000
2011-10-01,0.05000000000000000
2011-11-01,0.05000000000000000
2011-12-01,0.07000000000000001
2012-01-01,0.01000000000000000
2012-02-01,0.03000000000000000
2012-03-01,0.05000000000000000
2012-04-01,0.02000000000000000
2012-05-01,0.00000000000000000
2012-06-01,0.00000000000000000
2012-07-01,0.00000000000000000
2012-08-01,-0.05000000000000000
2012-09-01,0.01000000000000000
2012-10-01,0.01000000000000000
2012-11-01,-0.05000000000000000
2012-12-01,-0.20000000000000001
2013-01-01,-0.14999999999999999
2013-02-01,-0.20000000000000001
2013-03-01,-0.10000000000000001
2013-04-01,0.06000000000000000
2013-05-01,-0.03000000000000000
2013-06-01,-0.03000000000000000
2013-07-01,0.01000000000000000
2013-08-01,-0.20000000000000001
2013-09-01,-0.05000000000000000
2013-10-01,-0.14999999999999999
2013-11-01,-0.08000000000000000
2013-12-01,0.01000000000000000
2014-01-01,-0.12000000000000000
2014-02-01,-0.14999999999999999
2014-03-01,-0.14999999999999999
2014-04-01,-0.14999999999999999
2014-05-01,-0.16000000000000000
2014-06-01,-0.14999999999999999
2014-07-01,-0.14999999999999999
2014-08-01,-0.10000000000000001
2014-09-01,-0.10000000000000001
2014-10-01,-0.10000000000000001
2014-11-01,-0.10000000000000001
2014-12-01,-2.00000000000000000
2015-01-01,-1.75000000000000000
2015-02-01,-1.00000000000000000
2015-03-01,-1.50000000000000000
2015-04-01,-1.00000000000000000
2015-05-01,-1.25000000000000000
2015-06-01,-1.14999999999999991
2015-07-01,-1.00000000000000000
2015-08-01,-1.25000000000000000
2015-09-01,-1.00000000000000000
2015-10-01,-0.90000000000000002
2015-11-01,-1.10000000000000009
2015-12-01,-1.00000000000000000
2016-01-01,-1.00000000000000000
2016-02-01,-0.84999999999999998
2016-03-01,-1.10000000000000009
2016-04-01,-1.00000000000000000
2016-05-01,-1.25000000000000000
2016-06-01,-1.75000000000000000
2016-07-01,-1.00000000000000000
2016-08-01,-3.64999999999999991
2016-09-01,-0.94999999999999996
2016-10-01,-0.84999999999999998
2016-11-01,-0.90000000000000002
2016-12-01,-0.90000000000000002
2017-01-01,-0.90000000000000002
2017-02-01,-0.94999999999999996
2017-03-01,-0.94999999999999996
2017-04-01,-0.90000000000000002
2017-05-01,-0.94999999999999996
2017-06-01,-1.17999999999999994
2017-07-01,-0.90000000000000002
2017-08-01,-1.14999999999999991
2017-09-01,-0.90000000000000002
2017-10-01,-0.96999999999999997
2017-11-01,-1.00000000000000000
2017-12-01,-1.00000000000000000
2018-01-01,-1.00000000000000000
2018-02-01,-0.94999999999999996
2018-03-01,-1.00000000000000000
2018-04-01,-0.97999999999999998
2018-05-01,-0.94999999999999996
2018-06-01,-0.90000000000000002
2018-07-01,-0.94999999999999996
2018-08-01,-0.90000000000000002
2018-09-01,-0.90000000000000002
2018-10-01,-0.90000000000000002
2018-11-01,-0.90000000000000002
2018-12-01,-0.94999999999999996
2019-01-01,-0.90000000000000002
2019-02-01,-0.96999999999999997
2019-03-01,-1.51000000000000001
2019-04-01,-0.84999999999999998
2019-05-01,-0.90000000000000002
2019-06-01,-0.94999999999999996
2019-07-01,-0.69999999999999996
2019-08-01,-1.05000000000000004
2019-09-01,-1.00000000000000000
2019-10-01,-0.91000000000000003
2019-11-01,-0.82999999999999996
2019-12-01,-1.00000000000000000
2020-01-01,-0.84999999999999998
2020-02-01,-0.80000000000000004
2020-03-01,-1.25000000000000000
2020-04-01,-0.84999999999999998
2020-05-01,-0.84999999999999998
2020-06-01,-0.90000000000000002
2020-07-01,-0.84999999999999998
2020-08-01,-0.82999999999999996
2020-09-01,-0.84999999999999998
2020-10-01,-0.82999999999999996
2020-11-01,-0.82999999999999996
2020-12-01,-0.84999999999999998
2021-01-01,-0.84999999999999998
2021-02-01,-0.84999999999999998
2021-03-01,-0.82999999999999996
2021-04-01,-0.84999999999999998
2021-05-01,-0.84999999999999998
2021-06-01,-0.90000000000000002
2021-07-01,-0.84999999999999998
2021-08-01,-0.80000000000000004
2021-09-01,-0.80000000000000004
2021-10-01,-0.80000000000000004
2021-11-01,-0.80000000000000004
2021-12-01,-0.90000000000000002
2022-01-01,-0.80000000000000004
2022-02-01,-0.85999999999999999
2022-03-01,-0.80000000000000004
2022-04-01,-0.69999999999999996
2022-05-01,-0.80000000000000004
2022-06-01,-0.26000000000000001
2022-07-01,-0.26000000000000001
2022-08-01,-0.20000000000000001
2022-09-01,-0.10000000000000001
2022-10-01,-0.06000000000000000
2022-11-01,-0.05000000000000000
2022-12-01,0.23999999999999999
2023-01-01,0.45000000000000001
2023-02-01,0.45000000000000001
2023-03-01,0.59999999999999998
2023-04-01,0.90000000000000002
2023-05-01,0.94999999999999996
2023-06-01,1.19999999999999996
2023-07-01,1.19999999999999996
2023-08-01,1.19999999999999996
2023-09-01,1.19999999999999996
2023-10-01,1.19999999999999996
2023-11-01,1.62999999999999989
2023-12-01,1.60000000000000009
2024-01-01,1.44999999999999996
2024-02-01,1.50000000000000000
2024-03-01,1.34000000000000008
