observation_date,IRSTCI01NZM156N
2010-01-01,2.42
2010-02-01,2.32
2010-03-01,2.35
2010-04-01,2.28
2010-05-01,2.32
2010-06-01,2.49
2010-07-01,2.68
2010-08-01,2.88
2010-09-01,2.91
2010-10-01,2.94
2010-11-01,2.91
2010-12-01,2.88
2011-01-01,2.92
2011-02-01,2.91
2011-03-01,2.50
2011-04-01,2.50
2011-05-01,2.45
2011-06-01,2.46
2011-07-01,2.40
2011-08-01,2.44
2011-09-01,2.39
2011-10-01,2.33
2011-11-01,2.34
2011-12-01,2.34
2012-01-01,2.40
2012-02-01,2.41
2012-03-01,2.43
2012-04-01,2.45
2012-05-01,2.44
2012-06-01,2.43
2012-07-01,2.50
2012-08-01,2.52
2012-09-01,2.49
2012-10-01,2.48
2012-11-01,2.49
2012-12-01,2.51
2013-01-01,2.45
2013-02-01,2.49
2013-03-01,2.47
2013-04-01,2.42
2013-05-01,2.48
2013-06-01,2.47
2013-07-01,2.43
2013-08-01,2.49
2013-09-01,2.50
2013-10-01,2.50
2013-11-01,2.49
2013-12-01,2.50
2014-01-01,2.52
2014-02-01,2.51
2014-03-01,2.65
2014-04-01,2.79
2014-05-01,3.00
2014-06-01,3.13
2014-07-01,3.28
2014-08-01,3.45
2014-09-01,3.46
2014-10-01,3.42
2014-11-01,3.42
2014-12-01,3.40
2015-01-01,3.42
2015-02-01,3.40
2015-03-01,3.42
2015-04-01,3.44
2015-05-01,3.41
2015-06-01,3.25
2015-07-01,3.07
2015-08-01,2.90
2015-09-01,2.76
2015-10-01,2.68
2015-11-01,2.65
2015-12-01,2.55
2016-01-01,2.39
2016-02-01,2.37
2016-03-01,2.21
2016-04-01,2.17
2016-05-01,2.16
2016-06-01,2.16
2016-07-01,2.11
2016-08-01,2.06
2016-09-01,1.92
2016-10-01,1.88
2016-11-01,1.74
2016-12-01,1.68
2017-01-01,1.66
2017-02-01,1.71
2017-03-01,1.66
2017-04-01,1.62
2017-05-01,1.67
2017-06-01,1.71
2017-07-01,1.63
2017-08-01,1.65
2017-09-01,1.64
2017-10-01,1.61
2017-11-01,1.64
2017-12-01,1.67
2018-01-01,1.66
2018-02-01,1.67
2018-03-01,1.67
2018-04-01,1.71
2018-05-01,1.73
2018-06-01,1.69
2018-07-01,1.67
2018-08-01,1.71
2018-09-01,1.68
2018-10-01,1.68
2018-11-01,1.72
2018-12-01,1.72
2019-01-01,1.67
2019-02-01,1.73
2019-03-01,1.73
2019-04-01,1.70
2019-05-01,1.51
2019-06-01,1.45
2019-07-01,1.43
2019-08-01,1.10
2019-09-01,0.96
2019-10-01,0.97
2019-11-01,0.99
2019-12-01,0.95
2020-01-01,0.92
2020-02-01,0.93
2020-03-01,0.56
2020-04-01,0.26
2020-05-01,0.25
2020-06-01,0.23
2020-07-01,0.21
2020-08-01,0.15
2020-09-01,0.26
2020-10-01,0.21
2020-11-01,0.22
2020-12-01,0.23
2021-01-01,0.24
2021-02-01,0.24
2021-03-01,0.23
2021-04-01,0.24
2021-05-01,0.22
2021-06-01,0.23
2021-07-01,0.23
2021-08-01,0.21
2021-09-01,0.20
2021-10-01,0.38
2021-11-01,0.54
2021-12-01,0.71
2022-01-01,0.67
2022-02-01,0.73
2022-03-01,0.94
2022-04-01,1.24
2022-05-01,1.53
2022-06-01,1.96
2022-07-01,2.20
2022-08-01,2.78
2022-09-01,2.90
2022-10-01,3.29
2022-11-01,3.55
2022-12-01,4.18
2023-01-01,4.21
2023-02-01,4.20
2023-03-01,4.75
2023-04-01,5.01
2023-05-01,5.34
2023-06-01,5.40
2023-07-01,5.47
2023-08-01,5.41
2023-09-01,5.39
2023-10-01,5.40
2023-11-01,5.43
2023-12-01,5.35
2024-01-01,5.52
2024-02-01,5.43
2024-03-01,5.38
2024-04-01,5.47
2024-05-01,5.50
2024-06-01,5.52
2024-07-01,5.49
2024-08-01,5.45
2024-09-01,5.21
2024-10-01,4.77
2024-11-01,4.79
2024-12-01,4.33
