Rank,Magic,Tag,Strategy,Orders,Wins,Losses,WinRatePct,NetProfit,GrossProfit,GrossLoss,ProfitFactor,MaxDrawdown,MaxWinTrade,PeakProfit,Verdict,EnableInput
1,2001,P2001|,"R1B_SMC_ORDER_BLOCK",1,0,1,0.0,10.00,0.00,0.02,0.00,0.02,0.00,0.00,PROFITABLE,InpRun_2001
2,2040,P2040|,"R11F_TRIAD_SLEEVES",4,2,2,50.0,7.48,7.76,0.04,194.00,0.04,4.50,7.76,PROFITABLE,InpRun_2040
3,2003,P2003|,"R2A_LIQUIDITY_HUNTING",3,1,2,33.3,0.64,0.68,0.04,17.00,0.02,0.68,0.66,PROFITABLE,InpRun_2003
4,2007,P2007|,"R3B_SEVENTEEN_LEVERS",2,1,1,50.0,0.61,0.52,0.07,7.43,0.07,0.52,0.45,PROFITABLE,InpRun_2007
5,2006,P2006|,"R3A_TF_CASCADE",3,2,1,66.7,0.57,1.00,0.43,2.33,0.43,0.68,1.00,PROFITABLE,InpRun_2006
6,2016,P2016|,"R5A_PORTFOLIO_60_25_15",1,0,1,0.0,-0.24,0.00,0.24,0.00,0.24,0.00,0.00,LOSS,InpRun_2016
7,2008,P2008|,"R4A_LEVERAGE_LAYER",0,0,0,0.0,-0.28,0.00,0.00,0.00,0.00,0.00,0.00,LOSS,InpRun_2008
8,3101,P3101|,"FINAL_OPTIMUM",1,0,1,0.0,-0.80,0.00,0.80,0.00,0.80,0.00,0.00,LOSS,InpRun_3101
9,2014,P2014|,"R4E_PAIR_SESSION_MAP",1,0,1,0.0,-1.06,0.00,1.06,0.00,1.06,0.00,0.00,LOSS,InpRun_2014
10,2028,P2028|,"R8C_RECLAIM_LADDER",1,0,1,0.0,-1.07,0.00,1.07,0.00,1.07,0.00,0.00,LOSS,InpRun_2028
11,2002,P2002|,"R1C_SMC_CONFLUENCE",3,1,2,33.3,-1.07,0.82,4.72,0.17,4.35,0.82,0.00,LOSS,InpRun_2002
12,2020,P2020|,"R5E_EXECUTABLE_CORE",1,0,1,0.0,-1.36,0.00,1.36,0.00,1.36,0.00,0.00,LOSS,InpRun_2020
13,2010,P2010|,"R4B2_IMBALANCE_ENGINE",4,1,3,25.0,-7.09,1.30,8.55,0.15,8.55,1.30,0.00,LOSS,InpRun_2010
14,2048,P2048|,"R5B2_E_CORE",1,0,1,0.0,-12.70,0.00,12.70,0.00,12.70,0.00,0.00,LOSS,InpRun_2048
15,2023,P2023|,"R7B_SLEEVES_THROTTLE",2,0,2,0.0,-21.27,0.00,21.27,0.00,21.27,0.00,0.00,LOSS,InpRun_2023
16,2013,P2013|,"R4D_REGIME_ROUTER",1,0,1,0.0,-26.64,0.00,26.64,0.00,26.64,0.00,0.00,LOSS,InpRun_2013
17,2009,P2009|,"R4B_SESSION_PORTFOLIO",1,0,1,0.0,-28.09,0.00,30.64,0.00,30.64,0.00,0.00,LOSS,InpRun_2009
18,2012,P2012|,"R4C2_REGIME_LEVERS",6,2,4,33.3,-30.89,0.51,31.40,0.02,31.08,0.43,0.00,LOSS,InpRun_2012
19,2015,P2015|,"R4F_THREE_SLEEVES",4,0,4,0.0,-45.99,0.00,48.39,0.00,48.39,0.00,0.00,LOSS,InpRun_2015
20,2021,P2021|,"R5F_STATARB_GATES",8,2,6,25.0,-54.82,0.50,55.03,0.01,54.87,0.30,0.00,LOSS,InpRun_2021
21,2019,P2019|,"R5D_THREE_SHIFT",3,0,3,0.0,-72.28,0.00,72.28,0.00,72.28,0.00,0.00,LOSS,InpRun_2019
22,2011,P2011|,"R4C_24H_MATRIX",4,0,4,0.0,-75.96,0.00,75.96,0.00,75.96,0.00,0.00,LOSS,InpRun_2011
23,2017,P2017|,"R5B_ASYMMETRIC_RUNNER",9,1,8,11.1,-92.73,0.14,96.26,0.00,96.26,0.14,0.00,LOSS,InpRun_2017
24,2004,P2004|,"R2B_ENGINE_PORTFOLIO",0,0,0,0.0,0.00,0.00,0.00,0.00,0.00,0.00,0.00,NO TRADES,InpRun_2004
25,2005,P2005|,"R2C_SMC_PILLARS",0,0,0,0.0,0.00,0.00,0.00,0.00,0.00,0.00,0.00,NO TRADES,InpRun_2005
26,2018,P2018|,"R5C_LONDON_SWEEP_HONEST",0,0,0,0.0,0.00,0.00,0.00,0.00,0.00,0.00,0.00,NO TRADES,InpRun_2018
27,2022,P2022|,"R7A_DAX_GAP_FADE",0,0,0,0.0,0.00,0.00,0.00,0.00,0.00,0.00,0.00,NO TRADES,InpRun_2022
28,2024,P2024|,"R7C_FIVE_PERCENT",0,0,0,0.0,0.00,0.00,0.00,0.00,0.00,0.00,0.00,NO TRADES,InpRun_2024
29,2025,P2025|,"R7D_REGIME_BREAKOUT",0,0,0,0.0,0.00,0.00,0.00,0.00,0.00,0.00,0.00,NO TRADES,InpRun_2025
30,2026,P2026|,"R8A_LONDON_RECLAIM",0,0,0,0.0,0.00,0.00,0.00,0.00,0.00,0.00,0.00,NO TRADES,InpRun_2026
31,2027,P2027|,"R8B_SOS3_FREEROLL",0,0,0,0.0,0.00,0.00,0.00,0.00,0.00,0.00,0.00,NO TRADES,InpRun_2027
32,2029,P2029|,"R8D_ONE_SHOT",0,0,0,0.0,0.00,0.00,0.00,0.00,0.00,0.00,0.00,NO TRADES,InpRun_2029
33,2030,P2030|,"R10FABLE_SWEEP_SCALPER",0,0,0,0.0,0.00,0.00,0.00,0.00,0.00,0.00,0.00,NO TRADES,InpRun_2030
34,2031,P2031|,"R10OPUS_LSRA",0,0,0,0.0,0.00,0.00,0.00,0.00,0.00,0.00,0.00,NO TRADES,InpRun_2031
35,2032,P2032|,"R10GEMINI_DELTA_SCALP",0,0,0,0.0,0.00,0.00,0.00,0.00,0.00,0.00,0.00,NO TRADES,InpRun_2032
36,2033,P2033|,"R10KIMI_SWEEP1",0,0,0,0.0,0.00,0.00,0.00,0.00,0.00,0.00,0.00,NO TRADES,InpRun_2033
37,2034,P2034|,"R10QWEN_SOS3_ALGO",0,0,0,0.0,0.00,0.00,0.00,0.00,0.00,0.00,0.00,NO TRADES,InpRun_2034
38,2035,P2035|,"R11A_ADAPTIVE_SWEEP",0,0,0,0.0,0.00,0.00,0.00,0.00,0.00,0.00,0.00,NO TRADES,InpRun_2035
39,2036,P2036|,"R11B_COB_VIRTUAL",0,0,0,0.0,0.00,0.00,0.00,0.00,0.00,0.00,0.00,NO TRADES,InpRun_2036
40,2037,P2037|,"R11C_DECADE_THROTTLE",0,0,0,0.0,0.00,0.00,0.00,0.00,0.00,0.00,0.00,NO TRADES,InpRun_2037
41,2038,P2038|,"R11D_VETERAN_SPEC",0,0,0,0.0,0.00,0.00,0.00,0.00,0.00,0.00,0.00,NO TRADES,InpRun_2038
42,2039,P2039|,"R11E_SWEEP1_VETERAN",0,0,0,0.0,0.00,0.00,0.00,0.00,0.00,0.00,0.00,NO TRADES,InpRun_2039
43,2041,P2041|,"R12FABLE_SWEEP1_MACHINE",0,0,0,0.0,0.00,0.00,0.00,0.00,0.00,0.00,0.00,NO TRADES,InpRun_2041
44,2042,P2042|,"R12A_SWEEP1_SCORE",0,0,0,0.0,0.00,0.00,0.00,0.00,0.00,0.00,0.00,NO TRADES,InpRun_2042
45,2043,P2043|,"R12B_THREE_TIER_DD",0,0,0,0.0,0.00,0.00,0.00,0.00,0.00,0.00,0.00,NO TRADES,InpRun_2043
46,2044,P2044|,"R12C_SR10_SURVIVAL",0,0,0,0.0,0.00,0.00,0.00,0.00,0.00,0.00,0.00,NO TRADES,InpRun_2044
47,2045,P2045|,"R12F_SOS_SWEEP_VET",0,0,0,0.0,0.00,0.00,0.00,0.00,0.00,0.00,0.00,NO TRADES,InpRun_2045
48,2046,P2046|,"R12QWEN_SWEEP1_DEFINITIVE",0,0,0,0.0,0.00,0.00,0.00,0.00,0.00,0.00,0.00,NO TRADES,InpRun_2046
49,2047,P2047|,"R5A2_PERCENTILE_SWEEP",0,0,0,0.0,0.00,0.00,0.00,0.00,0.00,0.00,0.00,NO TRADES,InpRun_2047
50,3102,P3102|,"THE5ERS_V2",0,0,0,0.0,0.00,0.00,0.00,0.00,0.00,0.00,0.00,NO TRADES,InpRun_3102
51,3103,P3103|,"THE5ERS_OPTIMIZATION",0,0,0,0.0,0.00,0.00,0.00,0.00,0.00,0.00,0.00,NO TRADES,InpRun_3103
52,3104,P3104|,"THE5ERS_25K_PLAN",0,0,0,0.0,0.00,0.00,0.00,0.00,0.00,0.00,0.00,NO TRADES,InpRun_3104
53,3105,P3105|,"THE5ERS_V2_REVALIDATION",0,0,0,0.0,0.00,0.00,0.00,0.00,0.00,0.00,0.00,NO TRADES,InpRun_3105
54,3106,P3106|,"PRECODE_CHECKLIST",0,0,0,0.0,0.00,0.00,0.00,0.00,0.00,0.00,0.00,NO TRADES,InpRun_3106
55,3107,P3107|,"HIGH_STAKES_RESEARCH",0,0,0,0.0,0.00,0.00,0.00,0.00,0.00,0.00,0.00,NO TRADES,InpRun_3107
56,3108,P3108|,"PROPOSAL_REVIEW",0,0,0,0.0,0.00,0.00,0.00,0.00,0.00,0.00,0.00,NO TRADES,InpRun_3108
57,3109,P3109|,"SUGGESTION_REVIEW_GATES",0,0,0,0.0,0.00,0.00,0.00,0.00,0.00,0.00,0.00,NO TRADES,InpRun_3109
58,3110,P3110|,"TRIAD_R_HS_HARDENED",0,0,0,0.0,0.00,0.00,0.00,0.00,0.00,0.00,0.00,NO TRADES,InpRun_3110
59,3111,P3111|,"TRIAD_SURVIVE",0,0,0,0.0,0.00,0.00,0.00,0.00,0.00,0.00,0.00,NO TRADES,InpRun_3111
60,3112,P3112|,"PR10_ROI_IMPROVEMENTS",0,0,0,0.0,0.00,0.00,0.00,0.00,0.00,0.00,0.00,NO TRADES,InpRun_3112
61,3113,P3113|,"TRIAD_R_FROZEN",0,0,0,0.0,0.00,0.00,0.00,0.00,0.00,0.00,0.00,NO TRADES,InpRun_3113
62,3114,P3114|,"PROPFUND_IMPROVEMENT_PLAN",0,0,0,0.0,0.00,0.00,0.00,0.00,0.00,0.00,0.00,NO TRADES,InpRun_3114
63,3115,P3115|,"STRATEGY_IMPROVEMENTS",0,0,0,0.0,0.00,0.00,0.00,0.00,0.00,0.00,0.00,NO TRADES,InpRun_3115
64,3116,P3116|,"PORTFOLIO_AUDIT_ROUTER",0,0,0,0.0,0.00,0.00,0.00,0.00,0.00,0.00,0.00,NO TRADES,InpRun_3116
65,3117,P3117|,"STRATEGY_ROADMAP",0,0,0,0.0,0.00,0.00,0.00,0.00,0.00,0.00,0.00,NO TRADES,InpRun_3117

SUMMARY
InitialDeposit,2000.00
TotalClosedOrders,64
TotalWins,13
TotalLosses,51
PortfolioNetPL,-455.04
ProfitableStrategiesCount,5
ProfitableStrategiesGain,19.30
LosingStrategiesCount,18
LosingStrategiesLoss,-474.34
InactiveStrategiesCount,42
InpOnlyMagics_Whitelist,"2001,2040,2003,2007,2006"
InpDisableMagics_Blacklist,"2016,2008,3101,2014,2028,2002,2020,2010,2048,2023,2013,2009,2012,2015,2021,2019,2011,2017"
