config,n,wr,net_exp_pess,pf,gross_exp_pess,cost_R,median_stop_pips,net_exp_opt,net_exp_coin,net_exp_x1.5spread,lb90_boot,half1,half2
A1_E1_X1,20,0.6,0.2745,1.851,0.3031,0.0287,49.53,0.2745,0.2745,0.2674,0.0027,0.2274,0.6983
A2_E1_X2,12,0.5833,0.4869,2.12,0.5308,0.0438,32.35,0.4869,0.4869,0.4761,0.0396,0.4869,nan
A3_E2_X1,0
A4_E3_X1,67,0.3582,-0.1736,0.743,-0.127,0.0466,31.34,-0.1497,-0.1617,-0.1847,-0.3881,-0.4873,0.2912
A5_E4_mom20,432,0.5023,-0.0072,0.972,0.002,0.0092,181.51,-0.0072,-0.0072,-0.0094,-0.0621,0.0247,-0.0374
A6_E5_z24,1468,0.4864,-0.0059,0.955,0.0044,0.0103,153.36,-0.0059,-0.0059,-0.0085,-0.0216,-0.0188,0.0041
B01_E1_m15_X1,1110,0.3477,-0.3459,0.502,-0.1633,0.1826,7.61,-0.1355,-0.2407,-0.3915,-0.3952,-0.3074,-0.3801
B02_E1_m15_X2mid,968,0.3347,-0.477,0.444,-0.21,0.267,5.37,-0.0307,-0.2539,-0.5437,-0.5292,-0.4177,-0.5312
B03_E1_h1_X1,282,0.3156,-0.3337,0.507,-0.2221,0.1116,12.57,-0.1702,-0.2519,-0.3617,-0.423,-0.2163,-0.4445
B04_E1_h1_X2mid,246,0.3333,-0.4194,0.471,-0.2576,0.1618,8.9,-0.1087,-0.2641,-0.4604,-0.5161,-0.3576,-0.4783
B05_E1_h1_RR2mid,246,0.2561,-0.3989,0.54,-0.2371,0.1618,8.9,-0.1428,-0.2709,-0.4399,-0.5119,-0.3904,-0.407
B06_E1_h1_RR3mid,244,0.2008,-0.3645,0.61,-0.2022,0.1623,8.76,-0.1513,-0.2579,-0.4055,-0.4967,-0.3677,-0.3613
B07_E1_h1_X1_min25,18,0.2778,-0.2354,0.617,-0.2007,0.0347,40.54,-0.1917,-0.2135,-0.2438,-0.5443,-0.2181,-0.3736
B08_E1_h1_X1_front,263,0.3194,-0.2917,0.616,-0.1874,0.1043,14.67,-0.1735,-0.2326,-0.3179,-0.4057,-0.2172,-0.3656
B09_E1_h1_X1_biasoff,964,0.3683,-0.2138,0.647,-0.1017,0.1121,12.32,-0.0969,-0.1554,-0.2419,-0.2692,-0.2163,-0.2117
B10_E1_h1_X1_buf05,278,0.3345,-0.2465,0.625,-0.156,0.0905,15.44,-0.1407,-0.1936,-0.2693,-0.338,-0.1569,-0.3298
B11_E1_h1_X1_all11,654,0.3502,-0.2894,0.548,-0.173,0.1164,14.09,-0.1404,-0.2149,-0.32,-0.3457,-0.2384,-0.3394
B12_E1_h1_X1_F1,260,0.3154,-0.3317,0.509,-0.2206,0.1111,12.65,-0.1692,-0.2505,-0.3597,-0.4227,-0.2451,-0.4144
B13_E1_h1_X1_F2,282,0.3156,-0.3337,0.507,-0.2221,0.1116,12.57,-0.1702,-0.2519,-0.3617,-0.423,-0.2163,-0.4445
B14_E1_h1_X1_dead,286,0.3566,-0.3214,0.468,-0.2104,0.111,12.57,-0.1573,-0.2393,-0.3493,-0.4005,-0.2377,-0.3993
B15_E2_m15_X1,444,0.4009,-0.2316,0.627,-0.07,0.1616,7.9,-0.1463,-0.1889,-0.2716,-0.3078,-0.1796,-0.2845
B16_E2_m15_X2mid,321,0.3614,-0.4005,0.521,-0.1478,0.2528,5.34,-0.2102,-0.3054,-0.463,-0.4911,-0.2532,-0.5507
B17_E2_m15_RR2mid,325,0.3108,-0.3521,0.608,-0.0996,0.2525,5.34,-0.2874,-0.3198,-0.4145,-0.446,-0.2393,-0.4655
B18_E2_m15_X1_min25,0
B19_E2_m15_X1_buf05,438,0.3904,-0.2244,0.632,-0.0895,0.1349,9.48,-0.1689,-0.1966,-0.2578,-0.3041,-0.1794,-0.2702
B20_E2_m15_X1_all11,985,0.3878,-0.2411,0.609,-0.0685,0.1725,8.01,-0.1457,-0.1934,-0.2863,-0.294,-0.2068,-0.2746
B21_E2_m15_X1_F1,417,0.3861,-0.2652,0.59,-0.1018,0.1634,7.87,-0.1715,-0.2183,-0.3056,-0.3476,-0.1989,-0.3351
B22_E2_h1_X1,60,0.4667,0.0067,1.014,0.1122,0.1055,12.78,0.0641,0.0354,-0.0204,-0.1834,0.0484,-0.035
B23_E2_m15_X1_front,415,0.3904,-0.2044,0.716,-0.0474,0.157,9.44,-0.1345,-0.1694,-0.2433,-0.2992,-0.1937,-0.2155
B24_E3_m15_X1,641,0.3588,-0.2627,0.645,-0.1166,0.1461,10.69,-0.1892,-0.226,-0.2996,-0.3361,-0.2251,-0.2917
B25_E3_h1_X1,162,0.3457,-0.3064,0.567,-0.2326,0.0738,19.53,-0.2285,-0.2675,-0.3247,-0.4279,-0.2571,-0.337
B26_E3_m15_X2,670,0.3672,-0.2508,0.657,-0.105,0.1458,10.76,-0.178,-0.2144,-0.2876,-0.3127,-0.2386,-0.2599
B27_E3_m15_RR2,671,0.3145,-0.2096,0.736,-0.0641,0.1455,10.73,-0.1828,-0.1962,-0.2464,-0.2763,-0.1678,-0.2407
B28_E3_m15_X1_biasoff,1697,0.3925,-0.1551,0.779,-0.014,0.141,11.02,-0.0954,-0.1252,-0.1906,-0.207,-0.1358,-0.1717
B29_E3_m15_X1_all11,1425,0.3684,-0.2508,0.656,-0.1041,0.1467,11.93,-0.1966,-0.2237,-0.2892,-0.3048,-0.1784,-0.3115
B30_E3_m15_X1_F2,641,0.3588,-0.2627,0.645,-0.1166,0.1461,10.69,-0.1892,-0.226,-0.2996,-0.3361,-0.2251,-0.2917
B31_E3_m15_X1_min25,67,0.3582,-0.1736,0.743,-0.127,0.0466,31.34,-0.1497,-0.1617,-0.1847,-0.3881,-0.4873,0.2912
B32_E3_m15_X1_front,708,0.3799,-0.1821,0.738,-0.0661,0.116,14.18,-0.147,-0.1646,-0.2114,-0.2589,-0.1952,-0.1718
